<?xml version="1.0" encoding="UTF-8"?>
<teamcity-plugin xmlns:xsi="http://www.w3.org/2001/XMLSchema-instance"
                 xsi:noNamespaceSchemaLocation="urn:shemas-jetbrains-com:teamcity-plugin-v1-xml">
  <info>
    <name>teamcity-tap-parser</name>
    <display-name>TeamCity TAP Output Parser</display-name>
    <version>0.1</version>
    <description>This plugin watches for text output of the build and if TAP output is recognized (http://en.wikipedia.org/wiki/Test_Anything_Protocol) transforms it to TeamCity tests.</description>
  </info>
  <deployment use-separate-classloader="false" />
</teamcity-plugin>